{"main":{"language":"en","lastHostname":"192.168.1.36","darkTheme":false,"useBinaryPrefix":true,"disableAutoComplete":false,"settingsStorageLocal":false,"settingsSaveDelay":2000,"cacheStorageLocal":true,"cacheSaveDelay":4000,"notifications":{"errorsPersistent":true,"timeout":5000},"webcam":{"url":"","updateInterval":5000,"liveUrl":"","useFix":false,"embedded":false,"rotation":0,"flip":"none"},"enabledPlugins":["Height Map","Object Model Browser"],"plugins":{}},"machine":{"ajaxRetries":2,"updateInterval":250,"extendedUpdateEvery":20,"fileTransferRetryThreshold":358400,"crcUploads":true,"pingInterval":2000,"updateDelay":0,"babystepAmount":0.05,"codes":["M0","M1","M119","M303 H0 P1 S60","M308 S1 H-100","M308 S1 H-127","M308 S1 H-50","M308 S1 H0","M308 S1 H0.0","M308 S1 H0.5","M308 S1 H1","M308 S1 H10","M308 S1 H127","M308 S1 H2","M308 S1 L-100","M308 S1 L-127","M308 S1 L-150","M308 S1 L-25","M308 S1 L-50","M308 S1 L0","M308 S1 L50","M308 S1 P\"e0temp\" Y\"thermistor\" \"T2606017","M308 S1 P\"e0temp\" Y\"thermistor\" \"T2606017 B5848 C5.548428e-8","M308 S1 P\"e0temp\" Y\"thermistor\" \"T4606017 B5848 C5.548428e-8","M308 S1 P\"e0temp\" Y\"thermistor\" T2500000","M308 S1 P\"e0temp\" Y\"thermistor\" T2500000 b5848","M308 S1 P\"e0temp\" Y\"thermistor\" T2500000 b5848 c5.548428e-8","M308 S1 P\"e0temp\" Y\"thermistor\" T2500000 b6848","M308 S1 P\"e0temp\" Y\"thermistor\" T2606017","M308 S1 P\"e0temp\" Y\"thermistor\" T4606017","M562 P0","M574 X1 S1","M574 Y1 S1","M575 P1","M575 P1 S1 B57600","M575 P1 S3 B115200","M575 P1 S3 B57600","M84","m119","m140 p0","m140 p0m140 p1","m503","m562 p0","m562 p1"],"displayedExtraTemperatures":[],"displayedExtruders":[0,1],"displayedFans":[-1,0,1,2],"moveSteps":{"X":[100,50,10,1,0.1],"Y":[100,50,10,1,0.1],"Z":[50,25,5,0.5,0.05],"default":[100,50,10,1,0.1]},"moveFeedrate":6000,"extruderAmounts":[100,50,20,10,5,1],"extruderFeedrates":[60,30,15,5,1],"temperatures":{"tool":{"active":[250,235,220,205,195,160,120,100,0],"standby":[210,180,160,140,0]},"bed":{"active":[110,100,90,70,65,60,0],"standby":[40,30,0]},"chamber":[90,80,70,60,50,40,0]},"spindleRPM":[10000,75000,5000,2500,1000,0],"enabledPlugins":[],"plugins":{}}}